Tone,f1,f2,f3,f4,f5,f6,f7,f8,f9,f10
1,300,300,300,300,300,300,300,300,300,330
1,273.35,291.57,291.57,291.57,291.57,291.57,273.35,18.223,18.223,18.223
1,270,292.5,270,292.5,292.5,270,247.5,292.5,225,270
1,298.26,276.96,276.96,276.96,276.96,234.35,276.96,276.96,21.304,21.304
1,287.61,287.61,287.61,287.61,287.61,287.61,287.61,263.64,23.967,23.967
1,25.64,307.67,307.67,307.67,307.67,307.67,307.67,307.67,307.67,282.03
1,21.724,304.14,304.14,304.14,21.724,21.724,21.724,21.724,21.724,0
1,300.16,300.16,277.07,277.07,253.98,253.98,230.89,300.16,207.8,207.8
1,298.26,298.26,298.26,276.96,255.65,234.35,255.65,234.35,255.65,234.35
1,282.99,282.99,282.99,282.99,282.99,282.99,259.41,259.41,282.99,282.99
1,43.448,304.14,282.41,282.41,260.69,238.97,21.724,21.724,21.724,21.724
1,313.14,339.23,339.23,339.23,260.95,234.85,313.14,26.095,339.23,287.04
1,325.86,325.86,304.14,282.41,260.69,238.97,260.69,304.14,282.41,21.724
1,27.391,246.52,246.52,246.52,246.52,246.52,219.13,246.52,301.3,27.391
1,46.915,258.03,258.03,281.49,281.49,304.95,304.95,281.49,23.457,23.457
1,283.68,283.68,309.47,283.68,283.68,257.89,283.68,283.68,309.47,25.789
1,259.41,281.03,281.03,281.03,324.26,302.65,302.65,324.26,237.79,21.618
1,24.231,339.23,315,315,339.23,339.23,290.77,290.77,266.54,24.231
1,0,0,0,304.14,304.14,282.41,282.41,325.86,325.86,21.724
1,23.71,23.71,0,331.94,308.23,284.52,308.23,331.94,284.52,23.71
1,67.5,22.5,22.5,315,315,292.5,292.5,270,22.5,22.5
1,16.095,16.095,16.095,16.095,289.71,321.9,305.8,16.095,289.71,16.095
1,19.427,19.427,19.427,19.427,291.41,271.98,310.84,310.84,291.41,19.427
1,18.299,18.299,0,0,274.48,274.48,256.18,274.48,18.299,18.299
1,18.927,18.927,18.927,18.927,302.83,18.927,18.927,18.927,18.927,18.927
1,18.299,18.299,18.299,0,18.299,311.08,292.78,292.78,311.08,18.299
1,26.25,288.75,288.75,288.75,288.75,288.75,262.5,288.75,26.25,26.25
1,27.055,297.61,297.61,297.61,297.61,270.55,243.5,243.5,297.61,297.61
1,294,294,294,273,273,273,252,273,21,21
1,304.95,281.49,281.49,281.49,281.49,258.03,258.03,281.49,281.49,234.57
1,21,273,273,273,21,294,21,273,0,0
1,24.637,271.01,271.01,24.637,344.92,24.637,320.28,344.92,24.637,24.637
1,313.28,313.28,289.18,289.18,265.08,289.18,240.98,216.89,216.89,216.89
1,310.25,288.09,332.41,265.93,243.77,265.93,265.93,221.61,221.61,22.161
1,263.64,287.61,311.58,311.58,311.58,287.61,287.61,263.64,263.64,23.967
1,23.457,304.95,304.95,23.457,23.457,328.4,328.4,23.457,23.457,328.4
1,260.81,260.81,237.1,308.23,308.23,308.23,308.23,23.71,23.71,23.71
1,274.07,323.9,323.9,249.15,24.915,24.915,24.915,24.915,24.915,24.915
1,304.14,278.79,253.45,253.45,278.79,253.45,278.79,304.14,329.48,25.345
1,49.551,322.08,322.08,346.85,322.08,297.3,297.3,247.75,247.75,247.75
1,301.3,273.91,328.7,328.7,301.3,328.7,328.7,27.391,328.7,328.7
1,23.838,23.838,262.22,238.38,238.38,238.38,23.838,238.38,23.838,23.838
1,20.229,20.229,20.229,303.44,283.21,283.21,283.21,303.44,20.229,20.229
1,23.967,215.71,215.71,239.67,311.58,335.54,311.58,311.58,311.58,23.967
1,20.137,20.137,261.78,261.78,281.92,322.19,302.05,322.19,322.19,20.137
1,280,280,303.33,303.33,303.33,280,303.33,303.33,256.67,210
1,321.56,22.969,344.53,275.63,275.63,321.56,252.66,22.969,22.969,22.969
1,292.5,292.5,292.5,315,270,247.5,247.5,270,292.5,22.5
1,271.38,294,294,316.62,316.62,316.62,294,294,316.62,271.38
1,0,0,311.82,311.82,311.82,289.55,289.55,289.55,22.273,22.273
1,307.16,285.22,307.16,285.22,285.22,263.28,241.34,263.28,263.28,21.94
1,0,19.955,319.28,299.32,299.32,19.955,19.955,19.955,259.41,19.955
1,19.688,19.688,19.688,275.63,275.63,315,295.31,315,295.31,255.94
1,22.386,22.386,22.386,313.4,268.63,291.02,291.02,313.4,22.386,335.79
1,20.802,20.802,332.83,312.03,270.42,249.62,270.42,291.23,228.82,270.42
1,18.846,18.846,0,320.38,320.38,339.23,339.23,339.23,301.54,18.846
1,0,21.618,21.618,324.26,324.26,302.65,302.65,302.65,21.618,21.618
1,18.223,0,0,291.57,346.24,273.35,236.9,18.223,18.223,18.223
1,279.11,279.11,307.03,307.03,307.03,307.03,307.03,307.03,307.03,27.911
1,24.775,297.3,297.3,297.3,297.3,297.3,297.3,247.75,24.775,247.75
1,302.4,302.4,302.4,277.2,302.4,302.4,226.8,252,277.2,252
1,24.637,24.637,295.64,295.64,320.28,295.64,295.64,295.64,271.01,295.64
1,23.583,282.99,306.58,306.58,306.58,282.99,282.99,306.58,282.99,23.583
1,201.47,313.4,268.63,313.4,22.386,335.79,313.4,22.386,22.386,22.386
1,252,277.2,277.2,277.2,252,252,201.6,226.8,226.8,25.2
1,322.08,297.3,297.3,272.53,297.3,247.75,247.75,247.75,322.08,24.775
1,23.838,333.73,333.73,286.05,262.22,214.54,23.838,23.838,23.838,23.838
1,20.417,265.42,265.42,265.42,326.67,326.67,326.67,306.25,265.42,285.83
1,26.89,322.68,322.68,322.68,295.79,295.79,295.79,242.01,26.89,26.89
1,160.78,229.69,229.69,252.66,252.66,252.66,229.69,229.69,229.69,22.969
1,248.77,316.62,294,294,294,271.38,294,316.62,271.38,22.615
1,272.78,295.52,318.25,318.25,318.25,318.25,22.732,22.732,22.732,22.732
1,255.32,278.53,301.74,324.95,324.95,301.74,278.53,301.74,278.53,255.32
1,203.23,264.19,325.16,325.16,304.84,304.84,284.52,20.323,243.87,264.19
1,23.333,350,350,303.33,256.67,303.33,303.33,280,280,23.333
1,24.365,24.365,316.74,316.74,316.74,316.74,316.74,316.74,316.74,24.365
1,21.832,21.832,283.81,305.64,305.64,327.48,305.64,21.832,240.15,21.832
1,19.688,19.688,19.688,19.688,315,295.31,19.688,19.688,255.94,19.688
1,0,19.427,19.427,19.427,330.26,19.427,310.84,310.84,310.84,310.84
1,20.512,20.512,20.512,328.19,328.19,328.19,328.19,307.67,307.67,287.16
1,22.273,0,22.273,22.273,334.09,334.09,311.82,289.55,22.273,22.273
1,20.512,20.512,20.512,348.7,287.16,266.65,328.19,287.16,246.14,20.512
1,22.5,22.5,315,337.5,292.5,270,270,292.5,247.5,22.5
1,19.865,19.865,317.84,317.84,317.84,278.11,278.11,317.84,278.11,19.865
1,24.775,24.775,322.08,346.85,346.85,346.85,346.85,346.85,346.85,297.3
1,0,0,0,261.78,221.51,221.51,221.51,281.92,281.92,281.92
1,312.21,331.73,331.73,312.21,331.73,312.21,19.513,0,0,0
1,272.22,326.67,326.67,326.67,326.67,326.67,326.67,326.67,299.44,27.222
1,288.75,315,315,315,288.75,288.75,262.5,315,236.25,26.25
1,22.05,22.05,308.7,308.7,308.7,308.7,286.65,264.6,286.65,242.55
1,19.258,19.258,308.12,346.64,19.258,19.258,19.258,19.258,19.258,19.258
1,23.583,23.583,282.99,306.58,306.58,330.16,306.58,23.583,23.583,23.583
1,22.161,243.77,332.41,288.09,288.09,288.09,310.25,221.61,22.161,22.161
1,21.832,240.15,283.81,327.48,305.64,283.81,283.81,261.98,261.98,327.48
1,20.323,20.323,20.323,20.323,20.323,20.323,20.323,20.323,20.323,20.323
1,23.089,0,300.16,300.16,300.16,300.16,300.16,300.16,300.16,23.089
1,20.802,20.802,20.802,312.03,312.03,291.23,291.23,291.23,249.62,20.802
1,20.323,20.323,0,284.52,284.52,264.19,264.19,243.87,243.87,243.87
1,0,19.955,19.955,19.955,319.28,299.32,19.955,19.955,19.955,19.955
1,21.304,21.304,298.26,319.57,319.57,319.57,298.26,319.57,21.304,21.304
1,19.342,19.342,19.342,270.79,290.13,270.79,290.13,270.79,270.79,19.342
1,22.161,0,265.93,265.93,288.09,332.41,265.93,332.41,265.93,22.161
1,19.6,0,294,294,274.4,274.4,254.8,254.8,274.4,19.6
1,18.608,18.608,18.608,18.608,279.11,241.9,260.51,260.51,279.11,260.51
1,0,0,200.45,300.68,300.68,300.68,275.63,275.63,25.057,25.057
1,20.417,0,0,20.417,224.58,285.83,326.67,326.67,285.83,20.417
1,18.223,18.223,18.223,309.79,291.57,291.57,273.35,273.35,291.57,18.223
1,20.512,0,0,307.67,328.19,328.19,328.19,328.19,307.67,287.16
1,20.417,0,0,285.83,285.83,265.42,265.42,245,265.42,20.417
1,0,0,0,17.782,17.782,302.3,17.782,17.782,266.73,17.782
1,19.009,19.009,19.009,38.017,285.13,323.15,323.15,323.15,285.13,285.13
1,246.14,20.512,20.512,287.16,307.67,307.67,307.67,307.67,287.16,20.512
1,238.97,21.724,21.724,282.41,304.14,21.724,304.14,304.14,21.724,21.724
1,273,231,252,273,294,21,294,231,231,273
1,18.927,264.98,302.83,283.91,302.83,283.91,264.98,246.05,227.12,18.927
1,18.074,216.89,289.18,307.25,325.33,325.33,307.25,18.074,289.18,18.074
1,227.75,20.704,20.704,289.86,248.45,20.704,289.86,289.86,20.704,20.704
1,246.24,268.63,291.02,268.63,313.4,291.02,291.02,268.63,313.4,22.386
1,253.67,273.19,312.21,312.21,273.19,273.19,253.67,253.67,19.513,273.19
1,233.47,233.47,311.29,285.35,285.35,233.47,259.41,259.41,285.35,25.941
1,250.35,211.83,288.86,288.86,308.12,308.12,308.12,308.12,327.38,19.258
1,22.161,243.77,288.09,288.09,288.09,288.09,310.25,332.41,22.161,22.161
1,259.41,259.41,282.99,330.16,330.16,306.58,306.58,330.16,282.99,259.41
1,263.64,263.64,335.54,335.54,311.58,335.54,335.54,23.967,23.967,287.61
1,248.18,267.27,286.36,324.55,305.45,286.36,286.36,286.36,19.091,19.091
1,273,252,273,273,294,315,294,252,294,21
1,17.431,244.03,244.03,278.89,296.32,296.32,278.89,261.46,296.32,17.431
1,22.5,22.5,247.5,292.5,315,315,337.5,292.5,22.5,22.5
1,232.11,232.11,278.53,255.32,278.53,255.32,232.11,232.11,255.32,278.53
1,235.49,235.49,256.89,278.3,299.71,21.408,21.408,321.12,21.408,21.408
1,275.63,254.42,254.42,254.42,296.83,339.23,296.83,296.83,21.202,21.202
1,242.31,290.77,290.77,290.77,339.23,339.23,339.23,339.23,315,290.77
1,254.8,235.2,254.8,274.4,274.4,274.4,274.4,294,294,19.6
1,258.24,238.38,19.865,278.11,297.97,19.865,278.11,19.865,19.865,19.865
1,16.642,266.26,266.26,316.19,282.91,282.91,266.26,266.26,16.642,0
1,17.854,267.81,249.96,17.854,285.67,17.854,17.854,285.67,249.96,17.854
1,223.95,17.227,241.17,292.85,275.63,292.85,17.227,17.227,292.85,310.08
1,247.75,297.3,247.75,297.3,330.34,297.3,297.3,313.82,280.79,16.517
1,18.452,18.452,18.452,258.33,295.23,332.13,295.23,276.78,18.452,18.452
1,229.91,271.71,229.91,313.51,271.71,250.81,313.51,250.81,334.41,271.71
1,239.87,295.23,295.23,295.23,295.23,313.68,276.78,239.87,276.78,313.68
1,22.85,297.05,297.05,319.9,342.75,319.9,297.05,319.9,22.85,22.85
1,272.43,255.41,221.35,289.46,272.43,17.027,306.49,323.51,272.43,17.027
1,242.55,220.5,286.65,286.65,264.6,264.6,264.6,286.65,264.6,286.65
1,267.9,288.5,267.9,267.9,247.29,247.29,20.607,20.607,309.11,20.607
1,240.55,240.55,220.5,280.64,320.73,340.77,320.73,300.68,20.045,20.045
1,209,229.91,250.81,250.81,271.71,271.71,271.71,271.71,271.71,313.51
1,217.53,217.53,237.31,276.86,276.86,257.09,257.09,316.41,296.64,19.776
1,234.96,234.96,271.11,325.33,325.33,325.33,307.25,307.25,289.18,253.03
1,225.63,184.6,266.65,287.16,307.67,328.19,307.67,307.67,287.16,246.14
1,252.56,213.7,252.56,291.41,291.41,310.84,271.98,252.56,19.427,19.427
1,233.05,215.12,197.2,233.05,268.9,322.68,322.68,250.98,250.98,250.98
1,231.09,231.09,288.86,308.12,308.12,308.12,269.61,269.61,288.86,269.61
1,269.61,288.86,269.61,327.38,288.86,288.86,288.86,269.61,269.61,327.38
1,192.58,173.32,269.61,308.12,19.258,288.86,308.12,269.61,19.258,19.258
1,245,204.17,285.83,285.83,326.67,306.25,306.25,326.67,306.25,20.417
1,19.955,279.37,219.5,219.5,299.32,19.955,259.41,259.41,279.37,19.955
1,225.19,187.66,225.19,319.02,300.26,281.49,243.96,319.02,281.49,300.26
1,226.15,248.77,294,316.62,294,294,294,294,248.77,22.615
1,18.299,18.299,237.88,274.48,311.08,18.299,18.299,18.299,18.299,18.299
1,265.42,224.58,265.42,265.42,306.25,347.08,306.25,306.25,285.83,20.417
1,265.93,243.77,265.93,265.93,265.93,265.93,265.93,265.93,265.93,22.161
1,247.29,247.29,288.5,247.29,247.29,267.9,288.5,267.9,267.9,20.607
1,247.29,309.11,247.29,267.9,247.29,247.29,226.68,226.68,20.607,20.607
1,259.41,219.5,259.41,319.28,259.41,279.37,279.37,279.37,319.28,19.955
1,218.51,178.78,218.51,297.97,238.38,238.38,258.24,258.24,258.24,278.11
1,223.55,243.87,264.19,284.52,284.52,304.84,325.16,304.84,243.87,243.87
1,22.273,200.45,334.09,289.55,289.55,311.82,334.09,334.09,289.55,22.273
1,14.412,273.82,288.24,259.41,14.412,273.82,0,14.412,0,0
1,275.63,275.63,296.83,296.83,318.03,318.03,318.03,318.03,296.83,21.202
1,275.63,300.68,275.63,300.68,300.68,325.74,275.63,25.057,250.57,0
1,22.273,0,0,22.273,289.55,311.82,311.82,22.273,289.55,22.273
1,0,0,0,19.427,19.427,271.98,271.98,291.41,233.13,271.98
1,0,20.045,320.73,320.73,300.68,280.64,260.59,260.59,220.5,20.045
1,18.452,0,0,18.452,313.68,18.452,18.452,18.452,18.452,18.452
1,21.1,0,0,295.41,295.41,295.41,295.41,295.41,274.31,253.21
1,0,0,0,18.608,18.608,18.608,279.11,18.608,18.608,18.608
1,22.273,22.273,0,22.273,356.36,356.36,289.55,267.27,289.55,334.09
1,0,0,0,316.33,316.33,260.51,297.72,297.72,279.11,18.608
1,23.457,0,0,281.49,328.4,328.4,304.95,328.4,304.95,258.03
1,0,0,0,286.83,268.9,286.83,286.83,286.83,17.927,17.927
1,21.304,21.304,0,255.65,255.65,298.26,319.57,255.65,319.57,21.304
1,19.513,0,195.13,331.73,292.7,331.73,312.21,253.67,312.21,19.513
1,20.137,0,20.137,281.92,322.19,342.33,342.33,302.05,281.92,281.92
1,0,0,0,0,345.13,268.43,325.96,345.13,287.61,19.174
1,0,0,19.776,19.776,296.64,296.64,296.64,19.776,19.776,19.776
1,0,0,0,19.776,257.09,257.09,257.09,237.31,19.776,257.09
1,22.5,22.5,22.5,0,22.5,315,337.5,315,292.5,22.5
1,19.342,174.08,193.42,270.79,290.13,309.47,270.79,290.13,270.79,251.45
1,18.299,18.299,274.48,311.08,311.08,292.78,292.78,274.48,18.299,18.299
1,18.686,18.686,18.686,298.98,317.67,317.67,317.67,18.686,18.686,18.686
1,20.704,20.704,289.86,269.15,289.86,310.56,331.27,310.56,20.704,20.704
1,20.704,227.75,289.86,289.86,289.86,331.27,227.75,227.75,20.704,20.704
1,16.897,16.897,16.897,16.897,16.897,16.897,16.897,16.897,16.897,16.897
1,0,0,290.48,26.407,26.407,26.407,290.48,264.07,316.89,316.89
1,20.323,20.323,20.323,325.16,20.323,20.323,284.52,243.87,20.323,20.323
1,20.137,20.137,181.23,302.05,302.05,302.05,322.19,322.19,302.05,302.05
1,23.583,259.41,282.99,259.41,282.99,235.83,259.41,259.41,259.41,23.583
1,227.12,18.927,227.12,302.83,283.91,283.91,302.83,321.76,264.98,18.927
1,236.55,16.897,253.45,270.34,304.14,304.14,321.03,304.14,270.34,16.897
1,15.155,15.155,15.155,15.155,15.155,15.155,30.309,15.155,15.155,15.155
1,17.57,17.57,17.57,17.57,17.57,298.69,316.25,17.57,17.57,17.57
1,12.636,25.272,12.636,12.636,303.27,12.636,12.636,12.636,0,0
1,15.921,15.921,15.921,15.921,302.49,286.57,286.57,15.921,302.49,15.921
1,8.5465,8.5465,17.093,8.5465,17.093,17.093,8.5465,0,0,8.5465
1,0,20.137,0,302.05,302.05,302.05,302.05,302.05,20.137,20.137
1,19.6,19.6,19.6,19.6,19.6,313.6,19.6,19.6,19.6,19.6
1,17.294,17.294,17.294,294,294,276.71,259.41,259.41,259.41,17.294
1,0,20.229,20.229,283.21,283.21,303.44,283.21,222.52,242.75,20.229
1,18,0,18,306,306,306,288,288,288,18
1,17.927,0,286.83,286.83,286.83,358.54,340.61,340.61,358.54,322.68
1,18.846,18.846,18.846,320.38,301.54,282.69,282.69,263.85,263.85,339.23
1,46.667,23.333,233.33,303.33,326.67,326.67,326.67,303.33,303.33,256.67
1,19.6,19.6,19.6,274.4,294,254.8,294,313.6,19.6,19.6
1,18.148,0,18.148,326.67,308.52,272.22,308.52,290.37,18.148,18.148
1,18.529,18.529,0,296.47,277.94,259.41,18.529,240.88,18.529,18.529
1,0,23.457,0,328.4,328.4,328.4,328.4,328.4,258.03,23.457
1,19.258,0,19.258,38.515,327.38,308.12,308.12,269.61,288.86,269.61
1,15.694,0,15.694,15.694,313.88,15.694,15.694,15.694,15.694,15.694
1,20.512,0,20.512,20.512,20.512,307.67,328.19,307.67,20.512,20.512
1,18.148,18.148,18.148,18.148,18.148,326.67,326.67,18.148,18.148,18.148
1,25.2,252,302.4,302.4,277.2,302.4,302.4,277.2,25.2,25.2
1,0,18.686,18.686,298.98,298.98,298.98,317.67,242.92,18.686,18.686
1,21.832,283.81,283.81,305.64,283.81,240.15,218.32,218.32,21.832,21.832
1,23.583,282.99,259.41,282.99,23.583,259.41,306.58,306.58,282.99,282.99
1,22.5,247.5,292.5,292.5,247.5,202.5,202.5,292.5,270,247.5
1,22.615,294,294,316.62,316.62,316.62,316.62,316.62,294,248.77
1,22.386,313.4,313.4,313.4,313.4,313.4,291.02,313.4,22.386,0
1,18.927,18.927,18.927,18.927,18.927,302.83,18.927,18.927,18.927,18.927
1,237.1,308.23,308.23,308.23,308.23,308.23,284.52,284.52,23.71,23.71
1,23.583,282.99,259.41,259.41,282.99,306.58,282.99,306.58,306.58,306.58
1,25.941,285.35,285.35,337.24,337.24,311.29,25.941,259.41,285.35,25.941
1,238.38,286.05,286.05,262.22,238.38,238.38,309.89,286.05,238.38,23.838
1,19.091,19.091,324.55,305.45,248.18,267.27,267.27,305.45,324.55,305.45
1,20.417,265.42,20.417,20.417,245,20.417,20.417,20.417,20.417,20.417
1,254.91,305.9,280.4,280.4,305.9,305.9,331.39,331.39,305.9,25.491
1,181.86,272.78,272.78,272.78,318.25,295.52,295.52,295.52,318.25,22.732
1,133.64,267.27,311.82,289.55,289.55,289.55,289.55,222.73,245,267.27
1,19.091,267.27,267.27,305.45,324.55,305.45,324.55,305.45,305.45,267.27
1,23.333,256.67,280,256.67,280,280,303.33,326.67,280,23.333
1,0,21.1,21.1,253.21,295.41,337.61,21.1,232.11,21.1,274.31
1,20.045,20.045,220.5,300.68,260.59,260.59,260.59,240.55,20.045,220.5
2,21.94,21.94,219.4,21.94,21.94,21.94,21.94,21.94,0,21.94
2,230.89,230.89,230.89,230.89,253.98,207.8,230.89,277.07,230.89,23.089
2,679.96,233.13,213.7,19.427,213.7,233.13,19.427,213.7,19.427,19.427
2,191.74,623.15,215.71,215.71,215.71,239.67,263.64,311.58,287.61,335.54
2,243.5,243.5,27.055,27.055,27.055,243.5,243.5,27.055,0,0
2,220.5,220.5,220.5,220.5,220.5,196,245,245,220.5,24.5
2,232.11,232.11,232.11,232.11,232.11,232.11,232.11,208.89,255.32,23.211
2,236.63,215.12,215.12,215.12,236.63,236.63,258.15,21.512,21.512,21.512
2,228.1,228.1,633.62,430.86,228.1,228.1,253.45,253.45,304.14,25.345
2,53.78,215.12,215.12,215.12,26.89,242.01,242.01,322.68,26.89,26.89
2,25.941,25.941,233.47,233.47,155.65,259.41,207.53,259.41,259.41,259.41
2,22.161,22.161,22.161,22.161,22.161,22.161,243.77,22.161,265.93,22.161
2,26.407,184.85,26.407,105.63,237.66,211.26,237.66,237.66,264.07,290.48
2,44.772,0,201.47,22.386,22.386,201.47,223.86,268.63,291.02,22.386
2,0,0,0,175.4,225.51,250.57,200.45,250.57,275.63,300.68
2,23.089,161.62,184.71,184.71,230.89,253.98,253.98,207.8,23.089,253.98
2,20.704,20.704,165.63,165.63,248.45,227.75,269.15,289.86,289.86,20.704
2,0,0,196.49,196.49,218.32,240.15,240.15,261.98,305.64,305.64
2,21.618,0,0,172.94,21.618,21.618,259.41,259.41,237.79,302.65
2,18.452,0,0,221.42,221.42,221.42,221.42,18.452,18.452,18.452
2,22.161,22.161,22.161,243.77,22.161,177.29,243.77,243.77,288.09,22.161
2,17.927,17.927,17.927,0,17.927,17.927,17.927,17.927,304.76,250.98
2,20.9,20.9,0,20.9,20.9,20.9,229.91,20.9,20.9,20.9
2,19.513,0,0,19.513,19.513,214.65,19.513,19.513,253.67,19.513
2,19.688,0,19.688,19.688,196.88,19.688,196.88,236.25,216.56,275.63
2,19.174,19.174,19.174,230.09,230.09,230.09,230.09,230.09,287.61,268.43
2,21.94,21.94,21.94,263.28,241.34,241.34,263.28,263.28,307.16,351.04
2,20.229,20.229,20.229,20.229,20.229,20.229,20.229,20.229,283.21,303.44
2,21.1,0,0,0,21.1,211,189.9,232.11,253.21,295.41
2,26.407,26.407,0,0,13.204,13.204,13.204,13.204,0,13.204
2,16.036,0,0,0,16.036,224.51,16.036,16.036,256.58,240.55
2,220.5,220.5,24.5,220.5,220.5,245,269.5,294,294,24.5
2,26.25,26.25,26.25,236.25,26.25,26.25,26.25,26.25,26.25,26.25
2,25.2,25.2,226.8,226.8,25.2,25.2,25.2,226.8,25.2,25.2
2,216.18,216.18,216.18,216.18,216.18,194.56,237.79,237.79,281.03,259.41
2,235.83,235.83,212.25,212.25,23.583,259.41,282.99,23.583,23.583,0
2,21.94,219.4,241.34,219.4,263.28,21.94,263.28,307.16,21.94,21.94
2,22.969,229.69,229.69,206.72,206.72,252.66,252.66,252.66,321.56,22.969
2,228.5,228.5,228.5,205.65,251.35,159.95,251.35,297.05,251.35,22.85
2,51.279,25.64,25.64,153.84,25.64,25.64,25.64,25.64,25.64,25.64
2,50.114,225.51,25.057,225.51,250.57,250.57,275.63,300.68,300.68,25.057
2,24.098,24.098,24.098,24.098,216.89,24.098,240.98,240.98,289.18,216.89
2,49,196,196,196,196,196,245,269.5,269.5,294
2,165.97,189.68,237.1,237.1,213.39,237.1,260.81,260.81,284.52,260.81
2,245.98,228.41,228.41,17.57,17.57,17.57,17.57,17.57,0,0
2,18.452,18.452,239.87,239.87,276.78,18.452,18.452,0,18.452,0
2,24.637,147.82,24.637,221.73,172.46,271.01,246.37,295.64,295.64,271.01
2,22.273,22.273,22.273,22.273,222.73,222.73,222.73,22.273,245,22.273
2,21.94,21.94,197.46,21.94,219.4,21.94,241.34,285.22,307.16,21.94
2,21.202,212.02,233.22,233.22,254.42,254.42,21.202,21.202,360.43,0
2,23.583,212.25,235.83,235.83,235.83,259.41,259.41,282.99,23.583,23.583
2,238.38,238.38,238.38,178.78,208.58,208.58,268.18,268.18,29.797,327.77
2,240.98,240.98,240.98,240.98,216.89,240.98,216.89,216.89,265.08,24.098
2,225,225,225,225,225,247.5,225,247.5,247.5,315
2,0,23.583,235.83,235.83,235.83,235.83,259.41,259.41,282.99,306.58
2,0,20.229,20.229,20.229,20.229,20.229,20.229,262.98,20.229,20.229
2,19.174,19.174,19.174,19.174,210.91,230.09,230.09,19.174,19.174,19.174
2,23.457,23.457,211.12,234.57,234.57,234.57,211.12,234.57,281.49,281.49
2,19.091,19.091,19.091,19.091,19.091,248.18,19.091,0,0,0
2,21.512,258.15,236.63,215.12,215.12,258.15,236.63,215.12,236.63,279.66
2,18.074,18.074,0,36.148,234.96,216.89,234.96,253.03,18.074,289.18
2,22.85,22.85,228.5,228.5,228.5,251.35,251.35,274.2,228.5,22.85
2,18.375,18.375,220.5,220.5,202.13,18.375,18.375,220.5,275.63,330.75
2,20.9,229.91,229.91,20.9,20.9,20.9,0,20.9,0,0
2,240.98,240.98,216.89,216.89,240.98,240.98,265.08,289.18,289.18,24.098
2,23.583,23.583,23.583,212.25,212.25,23.583,23.583,235.83,259.41,23.583
2,22.161,221.61,22.161,22.161,221.61,22.161,22.161,22.161,22.161,22.161
2,229.42,229.42,229.42,229.42,229.42,254.91,280.4,280.4,280.4,280.4
2,24.5,196,24.5,196,196,24.5,24.5,245,24.5,24.5
2,23.457,23.457,23.457,23.457,0,23.457,0,23.457,23.457,0
2,240.98,240.98,24.098,216.89,192.79,240.98,24.098,24.098,24.098,24.098
2,21.202,21.202,21.202,21.202,0,21.202,21.202,21.202,0,0
2,43.663,240.15,218.32,240.15,218.32,240.15,261.98,283.81,283.81,21.832
2,232.11,232.11,232.11,232.11,232.11,257.89,257.89,257.89,25.789,25.789
2,23.838,214.54,23.838,214.54,166.86,238.38,238.38,238.38,309.89,286.05
2,222.98,222.98,222.98,222.98,222.98,222.98,941.46,272.53,272.53,222.98
2,23.838,214.54,214.54,214.54,214.54,238.38,262.22,23.838,286.05,262.22
2,210,23.333,210,210,210,23.333,23.333,233.33,210,233.33
2,21,210,210,231,231,231,231,21,21,315
2,45.231,226.15,226.15,226.15,203.54,248.77,248.77,271.38,294,316.62
2,27.222,27.222,245,217.78,245,245,245,272.22,299.44,27.222
2,0,0,226.15,22.615,22.615,226.15,248.77,22.615,22.615,22.615
2,18.299,18.299,18.299,237.88,219.59,237.88,182.99,256.18,256.18,18.299
2,21.832,240.15,240.15,240.15,240.15,21.832,21.832,21.832,218.32,21.832
2,22.732,22.732,227.32,227.32,227.32,250.05,272.78,272.78,295.52,22.732
2,0,20.229,0,20.229,20.229,242.75,262.98,262.98,303.44,20.229
2,26.89,26.89,215.12,242.01,242.01,242.01,242.01,242.01,268.9,349.57
2,22.732,250.05,227.32,227.32,181.86,181.86,204.59,250.05,272.78,295.52
2,0,248.77,226.15,203.54,248.77,248.77,248.77,226.15,271.38,294
2,22.05,22.05,22.05,22.05,220.5,242.55,220.5,242.55,308.7,22.05
2,24.365,24.365,243.65,219.28,219.28,219.28,219.28,268.01,24.365,316.74
2,0,18.148,18.148,18.148,18.148,145.19,217.78,235.93,290.37,18.148
2,0,17.431,226.6,226.6,226.6,244.03,261.46,17.431,34.862,17.431
2,17.927,17.927,17.927,17.927,17.927,17.927,17.927,17.927,17.927,17.927
2,27.911,223.29,223.29,223.29,223.29,195.38,251.2,279.11,251.2,27.911
2,0,250.05,227.32,227.32,250.05,22.732,272.78,272.78,250.05,22.732
2,0,0,220.5,220.5,248.06,220.5,275.63,275.63,27.563,27.563
2,22.386,22.386,246.24,223.86,223.86,22.386,223.86,246.24,22.386,22.386
2,20.802,20.802,20.802,20.802,20.802,20.802,20.802,249.62,270.42,20.802
2,19.955,19.955,19.955,199.55,219.5,19.955,219.5,259.41,239.46,279.37
2,19.6,19.6,19.6,19.6,19.6,19.6,19.6,294,19.6,0
2,23.583,212.25,259.41,212.25,23.583,23.583,259.41,212.25,23.583,23.583
2,26.095,0,0,234.85,234.85,234.85,234.85,260.95,260.95,260.95
2,19.955,19.955,19.955,219.5,219.5,219.5,219.5,219.5,19.955,19.955
2,18.452,18.452,221.42,221.42,18.452,18.452,18.452,276.78,18.452,0
2,21.94,21.94,241.34,241.34,241.34,241.34,241.34,285.22,21.94,21.94
2,0,23.967,23.967,239.67,215.71,215.71,263.64,23.967,263.64,23.967
2,22.386,22.386,22.386,22.386,22.386,22.386,179.09,201.47,291.02,22.386
2,21.304,21.304,21.304,234.35,191.74,21.304,255.65,234.35,234.35,276.96
2,17.927,17.927,17.927,215.12,197.2,233.05,197.2,250.98,268.9,268.9
2,0,22.732,0,0,22.732,0,22.732,22.732,0,22.732
2,18.766,0,18.766,18.766,0,18.766,18.766,262.72,18.766,337.79
2,21.724,21.724,0,21.724,217.24,217.24,238.97,260.69,282.41,282.41
2,0,0,22.161,22.161,221.61,221.61,221.61,243.77,22.161,22.161
2,0,0,20.607,20.607,226.68,226.68,206.07,226.68,247.29,247.29
2,17.5,0,0,17.5,17.5,17.5,17.5,17.5,17.5,17.5
2,0,21.202,21.202,212.02,233.22,212.02,233.22,254.42,318.03,21.202
2,22.85,205.65,228.5,228.5,22.85,228.5,228.5,251.35,274.2,274.2
2,0,21.724,238.97,217.24,21.724,21.724,21.724,21.724,21.724,21.724
2,21.512,21.512,215.12,215.12,21.512,215.12,21.512,21.512,236.63,21.512
2,21.512,21.512,215.12,215.12,236.63,215.12,21.512,279.66,21.512,21.512
2,19.6,19.6,215.6,215.6,215.6,235.2,19.6,19.6,294,19.6
2,160.78,22.969,22.969,206.72,206.72,206.72,252.66,252.66,252.66,22.969
2,0,21.512,21.512,236.63,236.63,215.12,215.12,21.512,21.512,21.512
2,216.89,198.81,18.074,18.074,198.81,234.96,234.96,253.03,253.03,325.33
2,23.71,142.26,165.97,189.68,165.97,213.39,237.1,237.1,23.71,23.71
2,19.258,173.32,211.83,211.83,231.09,231.09,231.09,269.61,19.258,19.258
2,210,190.91,229.09,248.18,210,229.09,19.091,19.091,19.091,0
2,169.62,190.82,233.22,233.22,233.22,233.22,233.22,233.22,254.42,21.202
2,19.258,173.32,192.58,154.06,211.83,231.09,231.09,19.258,269.61,19.258
2,188.75,188.75,188.75,205.91,188.75,188.75,205.91,257.39,257.39,291.71
2,185.47,123.64,20.607,206.07,185.47,20.607,164.86,247.29,267.9,267.9
2,174.85,155.42,233.13,233.13,233.13,213.7,252.56,271.98,271.98,271.98
2,21.304,21.304,21.304,213.04,234.35,234.35,234.35,234.35,298.26,21.304
2,177.19,157.5,19.688,157.5,177.19,196.88,19.688,236.25,295.31,19.688
2,19.688,19.688,19.688,216.56,196.88,216.56,216.56,19.688,255.94,255.94
2,19.6,19.6,19.6,19.6,19.6,19.6,19.6,19.6,19.6,0
2,153.84,205.12,205.12,205.12,205.12,153.84,256.4,256.4,282.03,256.4
2,21,189,21,21,231,231,252,273,252,21
2,161.1,20.137,20.137,20.137,221.51,241.64,241.64,261.78,221.51,20.137
2,19.6,19.6,196,215.6,215.6,19.6,19.6,215.6,19.6,19.6
2,18.375,18.375,18.375,18.375,220.5,18.375,18.375,18.375,18.375,18.375
2,168.18,18.686,168.18,224.24,224.24,224.24,224.24,261.61,280.3,18.686
2,15.978,15.978,15.978,15.978,15.978,15.978,255.65,271.63,15.978,15.978
2,19.174,19.174,19.174,19.174,19.174,19.174,19.174,230.09,287.61,19.174
2,197.76,197.76,237.31,19.776,19.776,19.776,19.776,217.53,276.86,19.776
2,197.2,197.2,233.05,233.05,215.12,17.927,197.2,268.9,250.98,17.927
2,154.35,242.55,176.4,176.4,154.35,242.55,264.6,264.6,264.6,22.05
2,171.82,190.91,19.091,19.091,19.091,19.091,210,19.091,19.091,19.091
2,185.47,185.47,206.07,206.07,226.68,206.07,247.29,267.9,288.5,309.11
2,17.362,225.71,190.98,208.35,208.35,17.362,260.43,260.43,17.362,17.362
2,158.21,237.31,79.103,197.76,177.98,237.31,197.76,217.53,296.64,257.09
2,197.76,177.98,158.21,197.76,177.98,217.53,237.31,257.09,296.64,336.19
2,172.1,193.61,193.61,193.61,172.1,215.12,193.61,236.63,258.15,279.66
2,161.1,201.37,181.23,201.37,181.23,221.51,201.37,281.92,281.92,20.137
2,18.766,131.36,187.66,225.19,225.19,18.766,225.19,243.96,18.766,18.766
2,20.802,20.802,20.802,228.82,20.802,20.802,249.62,20.802,270.42,228.82
2,166.07,129.16,18.452,18.452,18.452,18.452,18.452,18.452,221.42,18.452
2,19.174,210.91,230.09,230.09,230.09,230.09,249.26,268.43,287.61,19.174
2,181.23,161.1,201.37,221.51,221.51,221.51,261.78,20.137,302.05,302.05
2,158.92,19.865,19.865,238.38,198.65,238.38,258.24,238.38,278.11,19.865
2,164.09,205.12,205.12,225.63,205.12,225.63,225.63,287.16,246.14,307.67
2,20.229,222.52,242.75,242.75,222.52,202.29,242.75,262.98,20.229,20.229
2,19.955,219.5,19.955,239.46,239.46,199.55,259.41,239.46,19.955,19.955
2,176.4,198.45,198.45,198.45,22.05,220.5,220.5,220.5,264.6,286.65
2,169.62,18.846,207.31,226.15,18.846,18.846,226.15,207.31,18.846,245
2,20.512,143.58,143.58,184.6,225.63,205.12,225.63,246.14,20.512,20.512
2,161.83,202.29,222.52,242.75,222.52,202.29,222.52,283.21,283.21,303.44
2,19.009,19.009,19.009,19.009,228.1,190.09,209.09,209.09,285.13,285.13
2,156.88,156.88,226.6,226.6,244.03,191.74,209.17,244.03,261.46,17.431
2,171.08,247.11,228.1,19.009,19.009,190.09,19.009,285.13,266.12,19.009
2,21.408,21.408,128.45,171.26,171.26,192.67,235.49,256.89,214.08,256.89
2,18.452,18.452,221.42,184.52,184.52,202.97,221.42,18.452,239.87,258.33
2,160.36,180.41,20.045,220.5,240.55,220.5,240.55,260.59,300.68,20.045
2,20.704,20.704,20.704,186.34,144.93,248.45,248.45,289.86,20.704,20.704
2,194.27,213.7,19.427,233.13,233.13,252.56,252.56,271.98,291.41,19.427
2,194.15,221.89,221.89,221.89,221.89,249.62,277.36,305.09,388.3,360.57
2,18.375,0,0,238.88,18.375,220.5,220.5,238.88,257.25,18.375
2,0,0,19.258,231.09,231.09,231.09,19.258,19.258,269.61,19.258
2,17.57,17.57,245.98,228.41,17.57,17.57,17.57,17.57,17.57,0
2,17.57,0,17.57,228.41,228.41,17.57,17.57,17.57,17.57,17.57
2,20.229,0,20.229,222.52,222.52,20.229,242.75,262.98,20.229,20.229
2,0,0,20.137,0,0,20.137,20.137,20.137,20.137,20.137
2,19.174,0,0,19.174,19.174,210.91,19.174,230.09,249.26,230.09
2,15.921,0,15.921,238.81,15.921,15.921,15.921,222.89,270.65,15.921
2,19.6,0,19.6,196,19.6,19.6,196,176.4,254.8,19.6
2,0,0,18.529,18.529,222.35,203.82,18.529,240.88,277.94,18.529
2,0,0,19.955,19.955,19.955,219.5,219.5,259.41,259.41,19.955
2,19.427,0,19.427,19.427,135.99,233.13,135.99,194.27,252.56,291.41
2,0,17.093,0,0,17.093,17.093,17.093,17.093,17.093,17.093
2,20.607,0,0,206.07,20.607,206.07,247.29,247.29,267.9,329.72
2,20.512,0,0,0,20.512,20.512,246.14,246.14,20.512,20.512
2,0,0,0,18.148,18.148,235.93,18.148,254.07,308.52,272.22
2,0,19.6,19.6,19.6,19.6,19.6,19.6,19.6,19.6,19.6
2,17.431,17.431,17.431,17.431,244.03,191.74,174.31,261.46,244.03,261.46
2,20.802,20.802,20.802,20.802,20.802,20.802,20.802,270.42,270.42,291.23
2,20.512,20.512,225.63,225.63,225.63,205.12,225.63,225.63,246.14,20.512
2,21.408,21.408,235.49,235.49,235.49,21.408,235.49,21.408,21.408,21.408
2,16.832,16.832,16.832,16.832,16.832,235.65,235.65,16.832,286.15,16.832
2,21.1,21.1,21.1,211,189.9,211,232.11,274.31,21.1,21.1
2,21.832,196.49,218.32,21.832,21.832,21.832,21.832,21.832,283.81,21.832
2,181.23,181.23,201.37,221.51,201.37,20.137,201.37,201.37,261.78,20.137
2,21.94,175.52,21.94,175.52,197.46,263.28,263.28,241.34,285.22,21.94
2,21.408,192.67,214.08,235.49,214.08,21.408,214.08,256.89,21.408,21.408
2,22.732,22.732,204.59,204.59,181.86,181.86,227.32,272.78,295.52,340.98
2,23.333,210,186.67,210,210,210,256.67,210,280,280
2,17.711,17.711,17.711,17.711,212.53,230.24,230.24,230.24,230.24,17.711
2,19.091,19.091,210,210,229.09,210,248.18,267.27,305.45,19.091
2,12.528,0,0,0,12.528,12.528,12.528,12.528,12.528,0
2,19.009,19.009,19.009,19.009,228.1,228.1,228.1,19.009,266.12,19.009
2,19.091,19.091,19.091,229.09,229.09,190.91,19.091,19.091,286.36,305.45
2,20.045,20.045,20.045,20.045,20.045,20.045,20.045,240.55,20.045,20.045
2,17.854,17.854,17.854,17.854,17.854,214.25,214.25,232.11,267.81,17.854
2,15.528,15.528,15.528,15.528,15.528,15.528,15.528,0,0,0
2,15.474,15.474,15.474,15.474,216.63,216.63,15.474,263.05,15.474,15.474
2,0,17.927,0,0,35.854,17.927,17.927,233.05,268.9,268.9
2,19.009,19.009,0,19.009,19.009,19.009,19.009,0,19.009,19.009
2,19.776,0,19.776,19.776,217.53,217.53,237.31,217.53,19.776,19.776
2,19.258,19.258,231.09,231.09,19.258,19.258,19.258,19.258,288.86,19.258
2,16.962,0,0,16.962,16.962,16.962,237.46,254.42,288.35,16.962
2,0,0,24.098,240.98,240.98,240.98,265.08,289.18,289.18,289.18
2,19.427,19.427,19.427,213.7,233.13,19.427,213.7,271.98,310.84,291.41
2,20.607,20.607,20.607,206.07,226.68,185.47,226.68,226.68,267.9,226.68
2,22.5,22.5,22.5,225,225,225,225,225,270,315
2,38.855,19.427,19.427,19.427,19.427,213.7,19.427,233.13,271.98,19.427
2,19.342,19.342,19.342,174.08,19.342,19.342,19.342,19.342,19.342,19.342
2,0,0,0,0,20.323,203.23,20.323,223.55,284.52,20.323
2,23.967,0,0,0,0,23.967,215.71,23.967,23.967,311.58
2,0,0,19.6,39.2,196,156.8,196,215.6,254.8,333.2
2,0,0,16.517,16.517,16.517,214.72,16.517,16.517,247.75,16.517
2,15.75,15.75,15.75,15.75,15.75,15.75,15.75,15.75,0,0
2,16.036,16.036,16.036,16.036,224.51,224.51,224.51,16.036,16.036,256.58
2,16.394,16.394,16.394,16.394,229.52,213.12,229.52,262.3,295.09,16.394
2,14.848,14.848,14.848,29.697,14.848,14.848,207.88,14.848,252.42,14.848
2,0,0,23.967,215.71,215.71,215.71,239.67,23.967,23.967,23.967
2,24.365,243.65,219.28,219.28,219.28,219.28,219.28,219.28,219.28,24.365
2,21.304,21.304,234.35,234.35,234.35,234.35,21.304,21.304,21.304,21.304
2,22.732,227.32,22.732,227.32,22.732,250.05,250.05,250.05,22.732,22.732
2,24.365,243.65,243.65,243.65,219.28,243.65,243.65,268.01,316.74,292.38
2,20.9,229.91,250.81,229.91,229.91,250.81,250.81,271.71,271.71,20.9
2,229.42,254.91,229.42,229.42,229.42,229.42,254.91,280.4,280.4,25.491
2,21.1,211,211,211,211,232.11,232.11,232.11,232.11,21.1
2,21.512,236.63,215.12,215.12,215.12,236.63,258.15,258.15,215.12,279.66
2,23.089,230.89,230.89,230.89,230.89,253.98,23.089,23.089,23.089,23.089
2,230.76,230.76,230.76,230.76,230.76,256.4,282.03,282.03,307.67,307.67
2,228.1,228.1,202.76,228.1,228.1,253.45,253.45,304.14,329.48,329.48
2,22.615,248.77,248.77,248.77,248.77,248.77,271.38,22.615,294,22.615
2,22.273,245,245,245,22.273,22.273,222.73,222.73,22.273,22.273
2,70.843,230.24,212.53,17.711,212.53,247.95,247.95,265.66,17.711,17.711
2,26.095,234.85,26.095,234.85,182.66,156.57,234.85,234.85,260.95,26.095
2,24.775,247.75,222.98,222.98,247.75,247.75,272.53,247.75,24.775,24.775
2,25.2,226.8,25.2,176.4,25.2,201.6,252,252,25.2,0
2,21.512,215.12,215.12,215.12,215.12,236.63,258.15,279.66,21.512,21.512
2,22.161,199.45,221.61,221.61,221.61,221.61,243.77,243.77,288.09,22.161
2,21.408,214.08,214.08,214.08,21.408,21.408,214.08,278.3,256.89,299.71
2,19.427,213.7,19.427,233.13,233.13,252.56,233.13,291.41,19.427,19.427
2,22.615,22.615,226.15,22.615,248.77,248.77,248.77,248.77,271.38,22.615
2,22.732,22.732,181.86,250.05,204.59,204.59,22.732,204.59,272.78,22.732
2,21.618,237.79,237.79,237.79,216.18,237.79,237.79,259.41,281.03,259.41
2,26.566,26.566,212.53,212.53,212.53,239.1,239.1,265.66,318.8,345.36
2,23.457,211.12,140.74,140.74,234.57,258.03,211.12,258.03,258.03,328.4
2,0,0,20.802,208.02,208.02,208.02,208.02,228.82,249.62,249.62
2,22.732,22.732,227.32,204.59,22.732,250.05,272.78,295.52,340.98,22.732
3,211.68,211.68,211.68,211.68,176.4,176.4,176.4,35.28,35.28,35.28
3,227.61,227.61,28.452,28.452,28.452,28.452,28.452,28.452,0,0
3,221.73,221.73,197.09,172.46,24.637,24.637,49.274,0,0,0
3,222.73,222.73,200.45,178.18,155.91,133.64,22.273,22.273,22.273,0
3,31.056,186.34,248.45,155.28,931.69,31.056,31.056,31.056,0,0
3,28.824,201.76,201.76,28.824,0,0,0,0,0,28.824
3,247.29,453.36,412.15,370.93,865.51,247.29,247.29,41.215,0,0
3,41.215,453.36,453.36,206.07,206.07,947.94,370.93,906.73,700.65,41.215
3,61.25,183.75,980,153.13,245,122.5,30.625,30.625,0,0
3,25.057,25.057,200.45,0,25.057,25.057,25.057,25.057,25.057,25.057
3,31.277,218.94,31.277,31.277,31.277,187.66,31.277,31.277,0,31.277
3,47.419,237.1,237.1,189.68,189.68,142.26,47.419,47.419,0,0
3,27.391,0,27.391,164.35,136.96,136.96,136.96,27.391,27.391,27.391
3,27.911,223.29,27.911,195.38,167.47,167.47,167.47,167.47,27.911,0
3,0,0,0,196.62,28.089,168.54,28.089,140.45,28.089,112.36
3,42,0,0,0,168,21,21,21,21,21
3,23.967,23.967,215.71,191.74,143.8,167.77,143.8,143.8,143.8,95.87
3,25.491,0,0,25.491,0,25.491,127.46,25.491,0,0
3,0,0,0,24.637,24.637,24.637,0,49.274,123.18,24.637
3,19.776,19.776,19.776,19.776,19.776,19.776,19.776,19.776,19.776,0
3,21.832,43.663,21.832,0,0,21.832,0,0,21.832,0
3,20.137,20.137,20.137,0,20.137,20.137,20.137,20.137,20.137,20.137
3,22.732,22.732,0,0,227.32,204.59,22.732,22.732,45.464,22.732
3,20.607,20.607,20.607,0,206.07,206.07,164.86,20.607,20.607,20.607
3,17.782,17.782,17.782,17.782,177.82,17.782,17.782,17.782,17.782,17.782
3,26.566,26.566,26.566,26.566,26.566,0,0,0,26.566,26.566
3,23.838,23.838,0,0,0,0,166.86,23.838,23.838,23.838
3,21.94,21.94,21.94,0,0,0,0,21.94,0,21.94
3,213.7,213.7,19.427,19.427,19.427,19.427,19.427,0,0,0
3,55.125,27.563,27.563,27.563,27.563,27.563,27.563,27.563,27.563,0
3,29.597,0,29.597,29.597,0,29.597,29.597,29.597,0,0
3,241.64,211.44,211.44,181.23,181.23,181.23,151.03,151.03,30.205,0
3,54.783,219.13,191.74,356.09,27.391,27.391,27.391,27.391,0,27.391
3,25.057,25.057,225.51,200.45,175.4,175.4,25.057,125.28,25.057,0
3,39.027,195.13,195.13,195.13,0,234.16,78.053,234.16,195.13,117.08
3,32.426,194.56,32.426,194.56,162.13,32.426,32.426,32.426,32.426,32.426
3,44.772,223.86,22.386,0,22.386,0,0,22.386,0,0
3,46.178,23.089,23.089,207.8,184.71,184.71,161.62,23.089,23.089,23.089
3,26.727,187.09,26.727,26.727,26.727,26.727,0,26.727,0,0
3,27.222,0,27.222,163.33,163.33,27.222,27.222,136.11,27.222,27.222
3,212.25,212.25,212.25,23.583,23.583,0,23.583,23.583,0,23.583
3,50.114,225.51,25.057,25.057,175.4,25.057,25.057,150.34,50.114,25.057
3,34.724,173.62,208.35,208.35,173.62,173.62,0,0,0,0
3,28.824,28.824,28.824,0,28.824,28.824,28.824,144.12,172.94,172.94
3,21.304,21.304,21.304,21.304,21.304,21.304,21.304,0,21.304,21.304
3,21.1,21.1,211,21.1,21.1,21.1,0,0,0,0
3,23.333,23.333,23.333,186.67,23.333,23.333,23.333,0,0,0
3,21,21,21,21,21,0,0,0,21,0
3,213.04,213.04,234.35,213.04,21.304,21.304,21.304,21.304,21.304,21.304
3,237.31,237.31,197.76,19.776,19.776,19.776,19.776,177.98,19.776,0
3,178.44,178.44,178.44,152.95,25.491,101.97,25.491,25.491,25.491,25.491
3,23.457,23.457,0,234.57,211.12,23.457,23.457,23.457,211.12,0
3,0,191.74,191.74,191.74,191.74,153.39,153.39,153.39,38.348,38.348
3,31.277,0,0,31.277,406.6,187.66,31.277,31.277,31.277,0
3,0,0,25.789,25.789,232.11,180.53,25.789,25.789,25.789,0
3,20.9,20.9,20.9,20.9,20.9,20.9,20.9,0,0,0
3,21,21,21,210,231,21,21,21,21,21
3,28.636,0,28.636,229.09,229.09,200.45,28.636,28.636,0,28.636
3,0,289.86,20.704,20.704,186.34,20.704,20.704,20.704,20.704,20.704
3,26.89,26.89,26.89,26.89,26.89,161.34,26.89,26.89,26.89,26.89
3,30.839,185.03,185.03,925.17,956.01,956.01,215.87,246.71,30.839,0
3,30.839,30.839,30.839,30.839,30.839,30.839,30.839,0,0,0
3,0,30.205,211.44,211.44,181.23,181.23,30.205,30.205,0,0
3,243.5,243.5,216.44,189.39,27.055,27.055,27.055,81.166,27.055,27.055
3,0,158.44,184.85,26.407,132.04,26.407,26.407,26.407,26.407,26.407
3,55.472,221.89,221.89,194.15,0,0,27.736,0,0,0
3,23.967,23.967,0,23.967,0,0,23.967,0,0,0
3,225.33,225.33,225.33,193.14,193.14,32.19,0,0,0,0
3,25.941,233.47,207.53,181.59,155.65,25.941,25.941,25.941,25.941,51.882
3,232.11,232.11,198.95,33.158,33.158,33.158,0,0,0,165.79
3,193.61,215.12,193.61,193.61,172.1,172.1,150.59,129.07,21.512,21.512
3,26.566,239.1,212.53,26.566,26.566,159.4,26.566,26.566,26.566,26.566
3,230.89,207.8,23.089,23.089,23.089,23.089,23.089,23.089,23.089,0
3,27.222,245,217.78,217.78,190.56,190.56,190.56,27.222,27.222,108.89
3,218.08,24.231,193.85,24.231,24.231,24.231,24.231,24.231,0,24.231
3,20.704,207.04,227.75,207.04,20.704,20.704,0,20.704,0,20.704
3,25.64,25.64,205.12,230.76,205.12,179.48,25.64,25.64,0,0
3,0,26.89,26.89,26.89,242.01,215.12,188.23,161.34,26.89,0
3,0,25.345,25.345,228.1,228.1,202.76,25.345,25.345,0,25.345
3,22.615,22.615,22.615,22.615,226.15,203.54,180.92,22.615,22.615,0
3,0,23.583,23.583,23.583,165.08,23.583,23.583,23.583,23.583,0
3,25.2,25.2,226.8,252,226.8,25.2,176.4,0,25.2,25.2
3,24.637,24.637,24.637,221.73,221.73,24.637,24.637,24.637,24.637,24.637
3,0,0,213.82,240.55,26.727,26.727,0,0,0,0
3,0,0,27.563,220.5,192.94,192.94,165.38,27.563,27.563,27.563
3,19.427,0,19.427,38.855,19.427,19.427,19.427,19.427,19.427,19.427
3,215.87,215.87,215.87,185.03,154.2,30.839,30.839,30.839,154.2,61.678
3,224.71,224.71,196.62,28.089,308.98,252.8,28.089,0,0,0
3,0,0,26.566,239.1,212.53,185.96,159.4,132.83,26.566,26.566
3,21.512,21.512,236.63,215.12,215.12,21.512,21.512,21.512,21.512,0
3,0,0,26.25,0,26.25,26.25,0,26.25,26.25,157.5
3,25.2,25.2,25.2,25.2,25.2,25.2,0,25.2,25.2,126
3,25.64,25.64,25.64,205.12,25.64,179.48,153.84,25.64,0,25.64
3,19.955,19.955,159.64,19.955,199.55,159.64,19.955,19.955,19.955,19.955
3,20.9,20.9,20.9,20.9,20.9,20.9,146.3,20.9,146.3,20.9
3,22.5,22.5,22.5,22.5,0,22.5,0,22.5,0,0
3,0,21.304,0,0,21.304,191.74,170.43,21.304,63.913,21.304
3,28.089,28.089,28.089,28.089,28.089,196.62,28.089,28.089,0,0
3,0,21.1,21.1,21.1,21.1,21.1,21.1,21.1,0,21.1
3,0,0,0,21.512,215.12,193.61,193.61,21.512,21.512,0
3,23.71,23.71,23.71,0,23.71,23.71,23.71,142.26,0,23.71
3,0,26.727,26.727,0,26.727,213.82,26.727,26.727,26.727,0
3,0,0,23.967,191.74,23.967,23.967,23.967,23.967,23.967,23.967
3,19.776,0,0,0,0,177.98,19.776,158.21,19.776,19.776
3,24.5,0,0,0,0,24.5,196,24.5,24.5,24.5
3,26.727,26.727,0,0,0,0,0,26.727,26.727,26.727
3,0,24.915,24.915,24.915,199.32,0,149.49,24.915,24.915,174.41
3,0,0,0,0,20.607,206.07,185.47,144.25,20.607,20.607
3,0,17.227,0,0,0,0,17.227,17.227,17.227,17.227
3,0,17.64,17.64,17.64,17.64,17.64,17.64,17.64,17.64,17.64
3,0,0,0,21.408,0,0,171.26,0,21.408,0
3,22.5,22.5,22.5,22.5,202.5,180,180,22.5,135,22.5
3,23.967,23.967,23.967,23.967,23.967,23.967,23.967,0,0,0
3,22.273,200.45,222.73,22.273,22.273,22.273,22.273,22.273,22.273,22.273
3,19.009,19.009,19.009,19.009,209.09,19.009,171.08,19.009,19.009,19.009
3,20.323,20.323,20.323,20.323,203.23,203.23,182.9,20.323,142.26,20.323
3,18.148,18.148,18.148,18.148,199.63,199.63,18.148,18.148,18.148,18.148
3,150.34,200.45,200.45,225.51,200.45,175.4,25.057,25.057,0,25.057
3,20.323,121.94,20.323,20.323,20.323,203.23,162.58,20.323,121.94,20.323
3,24.231,72.692,218.08,24.231,169.62,24.231,169.62,24.231,24.231,24.231
3,193.27,17.57,17.57,17.57,17.57,17.57,17.57,17.57,17.57,0
3,21.304,21.304,21.304,191.74,21.304,21.304,21.304,21.304,149.13,63.913
3,22.273,22.273,22.273,0,22.273,178.18,178.18,155.91,22.273,0
3,19.174,19.174,172.57,230.09,191.74,172.57,172.57,19.174,191.74,19.174
3,156.8,19.6,19.6,196,19.6,19.6,19.6,19.6,19.6,19.6
3,18,18,18,198,216,180,18,18,18,18
3,20.229,20.229,202.29,202.29,20.229,20.229,20.229,20.229,20.229,20.229
3,21.512,172.1,150.59,193.61,21.512,21.512,21.512,21.512,21.512,0
3,200.45,178.18,222.73,245,222.73,178.18,22.273,200.45,22.273,22.273
3,18.608,18.608,18.608,204.68,18.608,18.608,18.608,18.608,18.608,18.608
3,153.39,230.09,191.74,210.91,210.91,191.74,153.39,153.39,134.22,19.174
3,19.955,139.68,19.955,19.955,19.955,19.955,19.955,0,19.955,0
3,24.5,122.5,24.5,220.5,24.5,24.5,24.5,24.5,24.5,24.5
3,25.64,0,0,0,25.64,0,0,0,25.64,0
3,22.273,222.73,22.273,22.273,200.45,22.273,22.273,0,22.273,22.273
3,21.304,21.304,170.43,191.74,21.304,21.304,21.304,149.13,21.304,21.304
3,19.427,19.427,19.427,194.27,19.427,19.427,174.85,19.427,19.427,19.427
3,19.865,19.865,19.865,19.865,19.865,19.865,19.865,19.865,19.865,19.865
3,18.927,189.27,18.927,208.2,189.27,18.927,18.927,18.927,18.927,18.927
3,158.92,178.78,178.78,218.51,19.865,59.595,19.865,19.865,19.865,19.865
3,17.362,190.98,173.62,225.71,17.362,173.62,17.362,17.362,17.362,17.362
3,20.137,20.137,201.37,221.51,120.82,20.137,20.137,20.137,20.137,20.137
3,168.8,126.6,189.9,21.1,189.9,189.9,21.1,21.1,21.1,0
3,22.969,22.969,206.72,229.69,114.84,160.78,22.969,22.969,160.78,22.969
3,16.768,16.768,16.768,16.768,16.768,167.68,16.768,16.768,16.768,16.768
3,184.71,207.8,161.62,23.089,23.089,23.089,23.089,23.089,23.089,0
3,178.18,133.64,22.273,222.73,155.91,178.18,178.18,22.273,178.18,89.091
3,18.074,18.074,18.074,18.074,18.074,18.074,18.074,0,18.074,18.074
3,210,175,17.5,17.5,210,17.5,17.5,17.5,0,17.5
3,21.724,21.724,130.34,195.52,21.724,21.724,21.724,21.724,21.724,0
3,0,162.33,27.055,27.055,27.055,27.055,27.055,27.055,0,0
3,174.65,152.82,152.82,21.832,21.832,196.49,21.832,21.832,0,43.663
3,143.58,164.09,184.6,20.512,20.512,164.09,20.512,20.512,20.512,20.512
3,21.512,172.1,21.512,21.512,21.512,21.512,21.512,21.512,21.512,21.512
3,19.342,174.08,19.342,19.342,19.342,19.342,19.342,19.342,19.342,19.342
3,192.67,235.49,235.49,21.408,21.408,214.08,21.408,21.408,21.408,21.408
3,18.846,113.08,18.846,226.15,131.92,18.846,18.846,18.846,18.846,18.846
3,179.27,125.49,215.12,17.927,17.927,17.927,17.927,17.927,17.927,17.927
3,184.52,18.452,166.07,18.452,202.97,18.452,18.452,18.452,0,18.452
3,227.12,208.2,227.12,151.42,189.27,18.927,18.927,170.34,18.927,18.927
3,208.02,166.42,145.61,166.42,20.802,20.802,20.802,20.802,20.802,20.802
3,17.782,160.04,160.04,160.04,160.04,17.782,177.82,17.782,17.782,17.782
3,170.34,170.34,170.34,18.927,18.927,208.2,18.927,37.854,113.56,113.56
3,19.955,199.55,19.955,199.55,139.68,19.955,119.73,19.955,19.955,19.955
3,228.41,175.7,210.84,210.84,17.57,17.57,35.139,17.57,17.57,17.57
3,173.79,217.24,195.52,130.34,152.07,21.724,21.724,21.724,21.724,21.724
3,18.452,202.97,18.452,18.452,18.452,18.452,18.452,18.452,18.452,18.452
3,174.65,152.82,152.82,21.832,174.65,21.832,21.832,43.663,21.832,21.832
3,17.64,17.64,17.64,17.64,17.64,17.64,17.64,17.64,17.64,17.64
3,201.6,25.2,25.2,201.6,201.6,176.4,176.4,25.2,0,25.2
3,222.09,222.09,190.36,190.36,31.727,31.727,0,0,95.18,31.727
3,0,0,0,31.727,222.09,412.45,920.07,253.81,0,0
3,0,0,24.915,0,199.32,24.915,971.69,0,24.915,0
3,0,0,0,0,26.407,211.26,343.29,26.407,0,0
3,0,0,0,0,0,22.05,22.05,22.05,0,22.05
3,0,0,0,21.512,215.12,21.512,21.512,0,21.512,0
3,0,0,0,0,0,24.5,196,24.5,24.5,0
3,24.365,24.365,24.365,0,0,24.365,24.365,0,0,0
3,18.846,0,18.846,18.846,18.846,18.846,18.846,0,0,0
3,0,0,0,0,31.5,31.5,0,31.5,0,0
3,19.258,0,0,19.258,0,19.258,19.258,19.258,0,0
3,0,0,0,19.174,153.39,191.74,19.174,19.174,19.174,19.174
3,0,0,0,18.846,18.846,18.846,18.846,18.846,18.846,18.846
3,0,0,0,0,18.608,18.608,18.608,18.608,18.608,18.608
3,21.202,21.202,21.202,0,21.202,21.202,21.202,0,21.202,21.202
3,0,0,0,0,25.491,229.42,25.491,152.95,25.491,25.491
3,0,0,0,0,20.417,20.417,0,20.417,20.417,20.417
3,18.927,18.927,0,18.927,18.927,18.927,0,0,18.927,0
3,22.85,22.85,22.85,22.85,22.85,0,0,22.85,22.85,22.85
3,0,30.205,30.205,30.205,30.205,181.23,30.205,30.205,30.205,0
3,24.5,24.5,24.5,24.5,147,196,196,24.5,24.5,24.5
3,21.202,21.202,169.62,21.202,21.202,21.202,148.41,21.202,21.202,21.202
3,20.045,20.045,20.045,20.045,20.045,180.41,20.045,20.045,20.045,0
3,20.607,20.607,20.607,206.07,226.68,185.47,20.607,20.607,0,20.607
3,146.03,204.44,87.616,175.23,204.44,233.64,204.44,175.23,146.03,29.205
3,26.566,26.566,26.566,26.566,26.566,26.566,26.566,26.566,26.566,26.566
3,24.775,24.775,24.775,222.98,222.98,173.43,198.2,24.775,24.775,24.775
3,135.69,22.615,22.615,22.615,203.54,180.92,158.31,22.615,22.615,22.615
3,27.391,164.35,191.74,27.391,54.783,219.13,164.35,191.74,27.391,27.391
3,171.41,15.583,187,15.583,15.583,15.583,15.583,15.583,15.583,15.583
3,10.576,190.36,211.51,21.151,21.151,10.576,10.576,0,0,0
3,17.64,17.64,17.64,35.28,17.64,17.64,17.64,17.64,0,0
3,0,0,22.85,22.85,22.85,22.85,0,22.85,0,22.85
3,18.299,18.299,18.299,18.299,18.299,18.299,18.299,18.299,18.299,18.299
3,15.921,15.921,15.921,15.921,15.921,15.921,15.921,15.921,15.921,111.44
3,16.095,16.095,16.095,16.095,16.095,209.23,16.095,16.095,16.095,16.095
3,23.71,0,0,0,189.68,213.39,189.68,23.71,0,23.71
3,0,0,0,0,217.78,217.78,27.222,0,0,0
3,26.407,0,26.407,26.407,211.26,211.26,184.85,26.407,26.407,26.407
3,0,0,0,24.365,219.28,24.365,194.92,170.55,24.365,0
3,20.512,0,0,0,20.512,20.512,20.512,0,20.512,20.512
3,0,22.273,89.091,222.73,200.45,178.18,22.273,111.36,22.273,22.273
3,24.5,0,0,0,220.5,196,24.5,0,0,24.5
3,21.618,21.618,21.618,21.618,194.56,194.56,194.56,172.94,21.618,21.618
3,0,20.512,0,20.512,20.512,20.512,20.512,20.512,20.512,20.512
3,20.802,0,0,0,20.802,20.802,20.802,20.802,20.802,20.802
3,0,25.491,0,0,178.44,25.491,25.491,127.46,0,25.491
3,25.491,0,0,0,25.491,178.44,25.491,25.491,0,0
3,0,0,0,22.85,22.85,0,22.85,22.85,159.95,22.85
3,18.452,0,18.452,18.452,202.97,18.452,18.452,18.452,0,18.452
3,0,0,23.967,0,167.77,23.967,167.77,23.967,23.967,23.967
3,17.927,17.927,17.927,17.927,17.927,17.927,17.927,215.12,17.927,17.927
3,27.911,279.11,223.29,195.38,27.911,139.56,948.99,307.03,0,0
3,32.667,32.667,228.67,196,914.67,326.67,261.33,163.33,32.667,0
3,19.688,19.688,196.88,19.688,19.688,19.688,19.688,19.688,59.063,19.688
3,25.2,0,226.8,0,0,25.2,25.2,0,0,25.2
3,18.766,18.766,187.66,18.766,18.766,18.766,0,0,18.766,0
3,28.824,28.824,28.824,230.59,230.59,201.76,0,0,0,0
3,26.095,234.85,234.85,208.76,182.66,156.57,130.47,104.38,26.095,26.095
3,0,21.512,21.512,21.512,21.512,21.512,21.512,21.512,0,0
3,31.5,31.5,220.5,31.5,31.5,31.5,0,0,0,31.5
3,28.089,224.71,224.71,0,0,0,28.089,0,0,28.089
3,23.838,23.838,23.838,214.54,23.838,23.838,23.838,23.838,23.838,23.838
3,21.618,216.18,216.18,194.56,21.618,21.618,151.32,21.618,21.618,21.618
3,23.089,207.8,230.89,207.8,23.089,23.089,23.089,23.089,0,23.089
3,23.211,208.89,208.89,185.68,23.211,23.211,23.211,23.211,23.211,23.211
3,26.407,26.407,211.26,184.85,184.85,26.407,26.407,0,26.407,26.407
3,26.727,26.727,26.727,213.82,187.09,26.727,26.727,0,0,0
3,26.566,26.566,185.96,212.53,26.566,26.566,26.566,26.566,0,26.566
4,675,765,405,405,360,315,270,225,180,0
4,345.13,38.348,383.48,383.48,345.13,268.43,38.348,0,0,0
4,370.93,412.15,370.93,329.72,288.5,206.07,164.86,0,0,0
4,352.8,352.8,396.9,352.8,308.7,264.6,220.5,220.5,44.1,44.1
4,385.88,385.88,826.88,385.88,385.88,330.75,275.63,220.5,220.5,165.38
4,357.57,357.57,357.57,357.57,297.97,297.97,238.38,774.73,893.92,238.38
4,44.545,356.36,356.36,356.36,311.82,311.82,222.73,222.73,178.18,0
4,370.93,370.93,370.93,370.93,288.5,247.29,123.64,0,0,41.215
4,51.882,415.06,415.06,415.06,363.18,207.53,155.65,51.882,0,0
4,43.663,392.97,392.97,392.97,349.31,305.64,261.98,218.32,43.663,0
4,46.421,417.79,417.79,417.79,324.95,324.95,278.53,0,0,46.421
4,46.915,422.23,422.23,375.32,281.49,234.57,187.66,187.66,140.74,46.915
4,324.95,417.79,417.79,371.37,324.95,278.53,232.11,0,0,46.421
4,53.78,322.68,0,0,53.78,268.9,53.78,215.12,0,0
4,42,42,0,336,378,294,252,252,210,168
4,400.91,311.82,311.82,400.91,222.73,267.27,222.73,222.73,133.64,44.545
4,273.19,39.027,390.27,312.21,234.16,195.13,156.11,156.11,156.11,156.11
4,39.73,39.73,238.38,238.38,278.11,238.38,39.73,39.73,0,39.73
4,0,0,0,0,0,305.64,261.98,218.32,218.32,174.65
4,0,0,48.462,0,0,48.462,242.31,0,145.38,48.462
4,24.365,24.365,48.729,0,0,24.365,24.365,24.365,24.365,0
4,26.727,26.727,26.727,26.727,26.727,26.727,400.91,267.27,26.727,0
4,29.4,29.4,29.4,0,0,0,29.4,235.2,29.4,147
4,0,34.724,34.724,34.724,312.52,381.97,347.24,208.35,208.35,34.724
4,25.491,25.491,25.491,25.491,0,25.491,25.491,382.37,280.4,25.491
4,24.231,24.231,24.231,0,0,363.46,339.23,242.31,24.231,24.231
4,51.279,358.95,358.95,358.95,307.67,307.67,256.4,205.12,205.12,51.279
4,39.73,357.57,357.57,317.84,278.11,278.11,198.65,198.65,39.73,0
4,45,360,360,360,315,270,225,225,180,135
4,45,360,360,360,270,225,135,225,135,45
4,48.462,387.69,387.69,387.69,339.23,290.77,242.31,193.85,193.85,145.38
4,45.938,367.5,321.56,413.44,275.63,275.63,229.69,183.75,0,0
4,54.444,272.22,326.67,381.11,272.22,326.67,217.78,108.89,54.444,54.444
4,47.419,426.77,426.77,331.94,237.1,237.1,142.26,142.26,142.26,47.419
4,0,343.64,400.91,343.64,286.36,343.64,171.82,171.82,57.273,57.273
4,47.935,287.61,287.61,335.54,287.61,335.54,287.61,191.74,191.74,47.935
4,46.421,278.53,371.37,371.37,324.95,324.95,278.53,232.11,185.68,185.68
4,43.235,345.88,259.41,345.88,302.65,216.18,172.94,216.18,0,0
4,320.08,320.08,320.08,355.65,284.52,248.95,177.82,142.26,177.82,0
4,37.373,336.36,373.73,336.36,224.24,261.61,37.373,37.373,0,37.373
4,0,0,0,433.13,433.13,0,0,0,0,39.375
4,0,50.69,50.69,0,354.83,253.45,253.45,152.07,50.69,50.69
4,39.375,354.38,393.75,275.63,315,275.63,275.63,236.25,157.5,39.375
4,101.38,304.14,304.14,405.52,304.14,304.14,253.45,253.45,202.76,0
4,38.348,345.13,383.48,306.78,306.78,268.43,230.09,191.74,115.04,38.348
4,304.14,354.83,354.83,405.52,304.14,253.45,253.45,50.69,0,0
4,367.5,408.33,326.67,285.83,245,245,0,40.833,0,0
4,345.88,389.12,389.12,302.65,259.41,172.94,172.94,172.94,0,172.94
4,247.75,346.85,346.85,346.85,346.85,297.3,247.75,891.91,891.91,247.75
4,400.91,400.91,343.64,343.64,286.36,286.36,229.09,171.82,0,0
4,47.419,0,379.35,379.35,379.35,331.94,284.52,237.1,189.68,47.419
4,37.373,37.373,37.373,411.1,373.73,373.73,261.61,186.86,149.49,0
4,0,0,36.75,404.25,367.5,257.25,257.25,147,0,36.75
4,42.404,42.404,381.63,381.63,339.23,254.42,212.02,42.404,42.404,42.404
4,30.839,30.839,30.839,30.839,0,370.07,30.839,277.55,215.87,30.839
4,42.404,42.404,42.404,42.404,42.404,381.63,212.02,254.42,212.02,169.62
4,0,42.816,42.816,385.34,342.52,299.71,256.89,214.08,0,0
4,49,392,392,343,294,294,245,196,147,147
4,45.464,363.71,363.71,363.71,363.71,272.78,181.86,227.32,45.464,45.464
4,46.421,324.95,371.37,0,0,232.11,185.68,46.421,46.421,46.421
4,42.404,381.63,381.63,381.63,381.63,339.23,254.42,212.02,212.02,0
4,50.69,304.14,354.83,304.14,405.52,253.45,253.45,253.45,202.76,152.07
4,0,360,360,360,315,270,225,135,135,45
4,0,315,360,315,315,270,225,0,0,45
4,291.23,374.43,374.43,374.43,291.23,208.02,208.02,41.604,41.604,124.81
4,38.348,345.13,345.13,306.78,230.09,268.43,191.74,153.39,115.04,153.39
4,0,381.11,381.11,381.11,381.11,326.67,217.78,217.78,217.78,163.33
4,45.938,0,367.5,45.938,45.938,0,275.63,0,183.75,183.75
4,45.938,413.44,413.44,367.5,367.5,321.56,275.63,229.69,183.75,45.938
4,371.37,417.79,417.79,324.95,371.37,324.95,278.53,232.11,0,0
4,261.61,298.98,373.73,373.73,336.36,298.98,224.24,224.24,0,0
4,235.65,370.31,336.64,403.97,269.31,201.98,235.65,0,0,33.664
4,0,263.85,339.23,376.92,263.85,226.15,226.15,188.46,150.77,37.692
4,0,0,0,383.48,383.48,345.13,268.43,230.09,38.348,38.348
4,40.459,40.459,40.459,364.13,404.59,323.67,242.75,202.29,0,0
4,34.186,0,0,376.05,410.23,376.05,273.49,205.12,205.12,68.372
4,0,0,0,383.48,383.48,383.48,306.78,230.09,191.74,38.348
4,0,0,0,43.235,345.88,345.88,259.41,259.41,216.18,43.235
4,38.017,38.017,304.14,380.17,380.17,304.14,266.12,190.09,190.09,152.07
4,0,0,0,456.21,418.19,342.16,266.12,38.017,38.017,38.017
4,0,0,29.597,29.597,355.17,355.17,266.38,177.58,29.597,147.99
4,42,672,42,378,420,336,294,210,210,84
4,0,0,0,339.23,271.38,0,271.38,271.38,0,271.38
4,0,0,367.5,408.33,367.5,326.67,285.83,204.17,204.17,0
4,319.57,383.48,383.48,383.48,319.57,319.57,255.65,255.65,191.74,191.74
4,360,405,360,315,270,180,225,0,0,45
4,371.37,417.79,417.79,324.95,278.53,278.53,232.11,139.26,0,0
4,0,0,55.823,279.11,334.94,334.94,279.11,223.29,0,0
4,32.426,32.426,32.426,389.12,324.26,291.84,259.41,32.426,0,32.426
4,0,91.875,0,0,321.56,367.5,321.56,275.63,229.69,183.75
4,39.375,0,39.375,0,315,354.38,315,236.25,196.88,157.5
4,0,33.923,0,0,339.23,33.923,33.923,33.923,33.923,0
4,0,68.906,0,34.453,413.44,413.44,310.08,241.17,137.81,0
4,37.373,0,0,37.373,0,373.73,336.36,261.61,224.24,37.373
4,0,0,0,22.732,22.732,22.732,159.12,0,22.732,0
4,0,0,0,34.724,381.97,381.97,243.07,243.07,34.724,0
4,0,30.839,30.839,0,0,400.91,277.55,246.71,123.36,30.839
4,41.215,41.215,41.215,41.215,329.72,370.93,370.93,288.5,206.07,41.215
4,36.75,36.75,0,0,0,441,367.5,367.5,257.25,183.75
4,0,0,0,0,32.91,329.1,362.01,263.28,230.37,197.46
4,0,0,0,0,0,31.727,317.27,253.81,222.09,126.91
4,0,0,0,0,27.563,358.31,248.06,220.5,27.563,0
4,0,0,0,0,0,31.5,346.5,220.5,189,31.5
4,39.027,0,0,0,39.027,0,39.027,234.16,0,156.11
4,312.52,277.8,347.24,381.97,347.24,381.97,347.24,277.8,243.07,173.62
4,0,0,0,333.53,333.53,333.53,296.47,222.35,222.35,37.059
4,269.31,201.98,370.31,269.31,370.31,370.31,336.64,235.65,0,0
4,38.348,230.09,345.13,306.78,383.48,306.78,268.43,191.74,38.348,38.348
4,263.28,230.37,362.01,296.19,394.93,329.1,296.19,230.37,32.91,32.91
4,45,270,360,360,405,315,270,225,180,0
4,0,363.71,363.71,363.71,318.25,363.71,318.25,272.78,227.32,45.464
4,342.16,304.14,342.16,342.16,418.19,342.16,266.12,228.1,0,0
4,256.89,171.26,299.71,299.71,256.89,385.34,256.89,256.89,42.816,128.45
4,347.24,277.8,347.24,312.52,416.69,381.97,347.24,312.52,277.8,208.35
4,325.57,295.97,266.38,295.97,355.17,355.17,295.97,236.78,29.597,29.597
4,277.55,308.39,277.55,339.23,308.39,400.91,277.55,277.55,246.71,154.2
4,336,378,378,378,294,336,252,252,210,0
4,295.79,349.57,268.9,295.79,295.79,268.9,242.01,26.89,26.89,0
4,297.97,357.57,327.77,357.57,417.16,327.77,268.18,148.99,29.797,178.78
4,277.55,277.55,339.23,339.23,370.07,308.39,246.71,185.03,30.839,30.839
4,277.55,277.55,277.55,277.55,339.23,370.07,30.839,277.55,30.839,0
4,289.18,325.33,361.48,397.62,433.77,397.62,361.48,289.18,216.89,36.148
4,381.11,299.44,381.11,353.89,381.11,326.67,245,217.78,27.222,27.222
4,329.72,329.72,329.72,329.72,206.07,247.29,247.29,247.29,164.86,123.64
4,320.73,280.64,360.82,320.73,400.91,280.64,280.64,200.45,0,0
4,0,35.854,322.68,358.54,394.39,322.68,286.83,215.12,35.854,0
4,319.57,319.57,31.957,255.65,287.61,351.52,287.61,191.74,223.7,0
4,0,0,375.32,344.04,375.32,406.6,344.04,250.21,31.277,31.277
4,310.96,28.269,282.69,28.269,424.04,367.5,254.42,28.269,197.88,28.269
4,283.5,252,346.5,315,409.5,378,315,252,189,0
4,320.08,355.65,284.52,320.08,320.08,248.95,213.39,213.39,35.565,0
4,34.724,347.24,347.24,312.52,347.24,347.24,312.52,243.07,173.62,34.724
4,317.27,31.727,317.27,348.99,412.45,285.54,253.81,158.63,158.63,0
4,370.31,403.97,336.64,336.64,336.64,336.64,235.65,168.32,201.98,33.664
4,320.08,355.65,284.52,355.65,320.08,355.65,284.52,248.95,35.565,35.565
4,27.563,330.75,330.75,358.31,385.88,358.31,275.63,248.06,27.563,27.563
4,38.684,309.47,348.16,348.16,309.47,270.79,193.42,270.79,38.684,0
4,24.231,24.231,339.23,290.77,242.31,169.62,0,24.231,0,0
4,298.98,373.73,411.1,373.73,298.98,298.98,149.49,149.49,37.373,0
4,351.52,287.61,319.57,383.48,319.57,351.52,287.61,255.65,159.78,159.78
4,31.277,31.277,31.277,312.77,31.277,375.32,312.77,218.94,187.66,0
4,291.23,332.83,416.04,374.43,291.23,249.62,208.02,249.62,208.02,41.604
4,342.16,342.16,266.12,304.14,380.17,266.12,266.12,190.09,152.07,0
4,0,263.85,263.85,301.54,339.23,376.92,301.54,226.15,188.46,37.692
4,317.06,345.88,374.71,28.824,317.06,317.06,259.41,230.59,28.824,28.824
4,27.563,303.19,303.19,358.31,413.44,303.19,248.06,27.563,27.563,0
4,30,300,330,330,30,360,300,240,210,30
4,320.08,355.65,284.52,391.21,248.95,35.565,177.82,35.565,35.565,0
4,25.057,300.68,275.63,350.8,25.057,400.91,275.63,225.51,25.057,25.057
4,318.5,367.5,294,367.5,367.5,392,269.5,196,24.5,24.5
4,310.56,341.62,31.056,341.62,372.68,341.62,248.45,217.39,31.056,31.056
4,367.5,408.33,367.5,408.33,285.83,285.83,204.17,204.17,40.833,40.833
4,0,0,0,21.1,21.1,337.61,21.1,21.1,21.1,21.1
4,0,0,30.205,30.205,0,30.205,30.205,30.205,211.44,30.205
4,336.36,298.98,373.73,373.73,298.98,261.61,224.24,37.373,37.373,112.12
4,256.06,341.42,256.06,341.42,284.52,284.52,227.61,170.71,28.452,28.452
4,302.05,392.67,332.26,362.47,362.47,271.85,181.23,151.03,30.205,0
4,23.457,328.4,23.457,23.457,351.86,23.457,23.457,23.457,0,0
4,350.46,379.67,321.26,379.67,321.26,379.67,262.85,262.85,175.23,29.205
4,326.67,326.67,326.67,326.67,359.33,294,228.67,32.667,32.667,0
4,315,315,283.5,346.5,315,315,252,220.5,189,0
4,378,294,294,336,294,294,252,0,0,0
4,351.24,390.27,390.27,312.21,312.21,273.19,234.16,195.13,195.13,156.11
4,286.36,343.64,343.64,343.64,343.64,286.36,229.09,229.09,171.82,229.09
4,0,0,0,0,0,0,370.59,296.47,259.41,222.35
4,0,37.059,0,0,370.59,370.59,333.53,259.41,222.35,37.059
4,30.839,30.839,0,0,0,400.91,370.07,30.839,30.839,0
4,0,0,0,32.667,392,392,294,228.67,32.667,32.667
4,0,0,0,0,31.727,412.45,380.72,317.27,222.09,31.727
4,0,0,33.923,0,0,33.923,373.15,305.31,203.54,0
4,0,0,0,0,28.636,429.55,343.64,229.09,143.18,57.273
4,27.911,27.911,0,27.911,418.67,418.67,279.11,27.911,27.911,27.911
4,0,0,0,41.604,332.83,291.23,291.23,208.02,0,0
4,0,0,0,0,28.636,28.636,372.27,315,257.73,28.636
4,0,0,0,0,300,390,330,240,210,30
4,0,0,27.911,27.911,27.911,334.94,251.2,223.29,0,0
4,0,0,0,0,0,369.7,343.29,237.66,158.44,26.407
4,0,0,0,0,32.19,0,321.9,257.52,225.33,128.76
4,0,0,0,0,0,421.83,306.78,268.43,38.348,38.348
4,0,34.186,0,0,0,68.372,34.186,239.3,205.12,170.93
4,29.013,290.13,319.14,377.17,406.18,406.18,348.16,261.12,203.09,29.013
4,29.4,29.4,264.6,294,29.4,352.8,352.8,264.6,205.8,0
4,272.22,163.33,190.56,245,326.67,353.89,353.89,299.44,217.78,27.222
4,0,0,0,328.02,328.02,328.02,328.02,255.12,182.23,0
4,28.636,28.636,315,343.64,372.27,372.27,257.73,200.45,143.18,28.636
4,30.625,30.625,336.88,367.5,428.75,336.88,245,214.38,183.75,0
4,51.279,307.67,307.67,358.95,256.4,307.67,205.12,205.12,205.12,51.279
4,262.85,29.205,29.205,29.205,379.67,350.46,321.26,233.64,204.44,29.205
4,273.72,304.14,30.414,334.55,364.97,334.55,273.72,243.31,182.48,91.241
4,405.52,304.14,304.14,304.14,354.83,202.76,253.45,202.76,152.07,50.69
4,304.14,304.14,395.38,334.55,395.38,364.97,273.72,243.31,182.48,30.414
4,277.8,277.8,277.8,312.52,312.52,347.24,277.8,243.07,208.35,0
4,29.4,29.4,29.4,29.4,29.4,29.4,29.4,264.6,29.4,0
4,19.865,0,0,19.865,19.865,19.865,19.865,297.97,218.51,0
4,13.047,13.047,0,13.047,13.047,0,0,0,0,13.047
4,25.941,25.941,25.941,25.941,25.941,363.18,337.24,233.47,25.941,25.941
4,0,30.414,0,0,30.414,364.97,273.72,243.31,30.414,30.414
4,0,0,0,0,0,28.089,365.16,280.89,196.62,28.089
4,0,0,0,33.923,407.08,339.23,237.46,135.69,67.846,67.846
4,0,0,31.727,31.727,31.727,31.727,380.72,285.54,222.09,190.36
4,25.491,0,0,25.491,0,25.491,305.9,254.91,229.42,25.491
4,32.91,0,0,0,427.84,296.19,230.37,164.55,32.91,65.821
4,33.409,33.409,0,0,33.409,33.409,300.68,233.86,100.23,0
4,30.625,30.625,30.625,30.625,30.625,367.5,336.88,275.63,214.38,0
4,0,0,0,0,29.597,384.77,295.97,236.78,177.58,147.99
4,0,0,38.684,0,0,0,386.84,270.79,38.684,0
4,0,0,20.512,41.023,20.512,0,0,0,20.512,0
4,0,0,0,26.095,26.095,365.33,339.23,260.95,182.66,26.095
4,0,0,0,38.017,38.017,38.017,342.16,266.12,228.1,152.07
4,49,0,392,441,392,392,343,294,245,196
4,0,0,0,376.92,339.23,301.54,263.85,226.15,37.692,0
4,40.091,0,0,400.91,400.91,360.82,280.64,240.55,160.36,120.27
4,35,35,35,420,385,350,280,210,175,0
4,0,38.017,38.017,38.017,380.17,380.17,266.12,228.1,0,0
4,38.017,38.017,418.19,380.17,342.16,304.14,228.1,38.017,0,0
4,30.625,0,0,0,0,245,0,0,0,0
4,22.732,22.732,22.732,22.732,22.732,0,0,0,0,0
4,0,36.446,36.446,36.446,36.446,328.02,218.68,255.12,0,0
4,30.625,275.63,336.88,336.88,336.88,275.63,183.75,183.75,183.75,30.625
4,31.5,378,378,378,346.5,252,189,31.5,0,31.5
4,0,0,42.404,42.404,339.23,339.23,169.62,169.62,212.02,42.404
